,accuracy,activation,decay,lambda,learning,n_hidden,n_layer,shrink
0,0.9084,tanh,1.00E-07,0.0001,0.001,100,2,1
1,0.907,tanh,1.00E-06,0.0001,0.001,100,2,1
2,0.8988,tanh,1.00E-05,0.0001,0.001,100,2,1
3,0.8973,tanh,0.0001,0.0001,0.001,100,2,1
4,0.858,tanh,1.00E-07,0.0001,0.01,100,2,1
5,0.8491,tanh,1.00E-06,0.0001,0.01,100,2,1
6,0.8634,tanh,1.00E-05,0.0001,0.01,100,2,1
7,0.8849,tanh,0.0001,0.0001,0.01,100,2,1
8,0.4765,tanh,1.00E-07,0.0001,0.1,100,2,1
9,0.5842,tanh,1.00E-06,0.0001,0.1,100,2,1
10,0.5433,tanh,1.00E-05,0.0001,0.1,100,2,1
11,0.6051,tanh,0.0001,0.0001,0.1,100,2,1
12,0.0892,tanh,1.00E-07,0.0001,1,100,2,1
13,0.0892,tanh,1.00E-06,0.0001,1,100,2,1
14,0.098,tanh,1.00E-05,0.0001,1,100,2,1
15,0.1032,tanh,0.0001,0.0001,1,100,2,1
16,0.9144,tanh,1.00E-07,0.0001,0.001,215,2,1
17,0.9186,tanh,1.00E-06,0.0001,0.001,215,2,1
18,0.9166,tanh,1.00E-05,0.0001,0.001,215,2,1
19,0.9102,tanh,0.0001,0.0001,0.001,215,2,1
20,0.8891,tanh,1.00E-07,0.0001,0.01,215,2,1
21,0.8838,tanh,1.00E-06,0.0001,0.01,215,2,1
22,0.892,tanh,1.00E-05,0.0001,0.01,215,2,1
23,0.909,tanh,0.0001,0.0001,0.01,215,2,1
24,0.6705,tanh,1.00E-07,0.0001,0.1,215,2,1
25,0.6294,tanh,1.00E-06,0.0001,0.1,215,2,1
26,0.6428,tanh,1.00E-05,0.0001,0.1,215,2,1
27,0.7183,tanh,0.0001,0.0001,0.1,215,2,1
28,0.0958,tanh,1.00E-07,0.0001,1,215,2,1
29,0.098,tanh,1.00E-06,0.0001,1,215,2,1
30,0.0958,tanh,1.00E-05,0.0001,1,215,2,1
31,0.0982,tanh,0.0001,0.0001,1,215,2,1
32,0.9281,tanh,1.00E-07,0.0001,0.001,464,2,1
33,0.9325,tanh,1.00E-06,0.0001,0.001,464,2,1
34,0.9296,tanh,1.00E-05,0.0001,0.001,464,2,1
35,0.9232,tanh,0.0001,0.0001,0.001,464,2,1
36,0.8948,tanh,1.00E-07,0.0001,0.01,464,2,1
37,0.9018,tanh,1.00E-06,0.0001,0.01,464,2,1
38,0.9078,tanh,1.00E-05,0.0001,0.01,464,2,1
39,0.935,tanh,0.0001,0.0001,0.01,464,2,1
40,0.6896,tanh,1.00E-07,0.0001,0.1,464,2,1
41,0.7523,tanh,1.00E-06,0.0001,0.1,464,2,1
42,0.7356,tanh,1.00E-05,0.0001,0.1,464,2,1
43,0.7633,tanh,0.0001,0.0001,0.1,464,2,1
44,0.1135,tanh,1.00E-07,0.0001,1,464,2,1
45,0.0982,tanh,1.00E-06,0.0001,1,464,2,1
46,0.0958,tanh,1.00E-05,0.0001,1,464,2,1
47,0.1028,tanh,0.0001,0.0001,1,464,2,1
48,0.939,tanh,1.00E-07,0.0001,0.001,1000,2,1
49,0.942,tanh,1.00E-06,0.0001,0.001,1000,2,1
50,0.9412,tanh,1.00E-05,0.0001,0.001,1000,2,1
51,0.9339,tanh,0.0001,0.0001,0.001,1000,2,1
52,0.9309,tanh,1.00E-07,0.0001,0.01,1000,2,1
53,0.9295,tanh,1.00E-06,0.0001,0.01,1000,2,1
54,0.9245,tanh,1.00E-05,0.0001,0.01,1000,2,1
55,0.9494,tanh,0.0001,0.0001,0.01,1000,2,1
56,0.0975,tanh,1.00E-07,0.0001,0.1,1000,2,1
57,0.4181,tanh,1.00E-06,0.0001,0.1,1000,2,1
58,0.7792,tanh,1.00E-05,0.0001,0.1,1000,2,1
59,0.816,tanh,0.0001,0.0001,0.1,1000,2,1
60,0.1028,tanh,1.00E-07,0.0001,1,1000,2,1
61,0.0892,tanh,1.00E-06,0.0001,1,1000,2,1
62,0.0958,tanh,1.00E-05,0.0001,1,1000,2,1
63,0.0982,tanh,0.0001,0.0001,1,1000,2,1
64,0.9038,tanh,1.00E-07,0.0001,0.001,100,3,1
65,0.9083,tanh,1.00E-06,0.0001,0.001,100,3,1
66,0.9037,tanh,1.00E-05,0.0001,0.001,100,3,1
67,0.8961,tanh,0.0001,0.0001,0.001,100,3,1
68,0.8146,tanh,1.00E-07,0.0001,0.01,100,3,1
69,0.8201,tanh,1.00E-06,0.0001,0.01,100,3,1
70,0.8401,tanh,1.00E-05,0.0001,0.01,100,3,1
71,0.8876,tanh,0.0001,0.0001,0.01,100,3,1
72,0.5326,tanh,1.00E-07,0.0001,0.1,100,3,1
73,0.5217,tanh,1.00E-06,0.0001,0.1,100,3,1
74,0.5492,tanh,1.00E-05,0.0001,0.1,100,3,1
75,0.4195,tanh,0.0001,0.0001,0.1,100,3,1
76,0.1135,tanh,1.00E-07,0.0001,1,100,3,1
77,0.1009,tanh,1.00E-06,0.0001,1,100,3,1
78,0.1009,tanh,1.00E-05,0.0001,1,100,3,1
79,0.1032,tanh,0.0001,0.0001,1,100,3,1
80,0.9221,tanh,1.00E-07,0.0001,0.001,215,3,1
81,0.9157,tanh,1.00E-06,0.0001,0.001,215,3,1
82,0.9181,tanh,1.00E-05,0.0001,0.001,215,3,1
83,0.9092,tanh,0.0001,0.0001,0.001,215,3,1
84,0.8712,tanh,1.00E-07,0.0001,0.01,215,3,1
85,0.8573,tanh,1.00E-06,0.0001,0.01,215,3,1
86,0.8744,tanh,1.00E-05,0.0001,0.01,215,3,1
87,0.9021,tanh,0.0001,0.0001,0.01,215,3,1
88,0.6291,tanh,1.00E-07,0.0001,0.1,215,3,1
89,0.6514,tanh,1.00E-06,0.0001,0.1,215,3,1
90,0.6062,tanh,1.00E-05,0.0001,0.1,215,3,1
91,0.6104,tanh,0.0001,0.0001,0.1,215,3,1
92,0.101,tanh,1.00E-07,0.0001,1,215,3,1
93,0.1032,tanh,1.00E-06,0.0001,1,215,3,1
94,0.0982,tanh,1.00E-05,0.0001,1,215,3,1
95,0.1009,tanh,0.0001,0.0001,1,215,3,1
96,0.929,tanh,1.00E-07,0.0001,0.001,464,3,1
97,0.9291,tanh,1.00E-06,0.0001,0.001,464,3,1
98,0.9285,tanh,1.00E-05,0.0001,0.001,464,3,1
99,0.9216,tanh,0.0001,0.0001,0.001,464,3,1
100,0.9007,tanh,1.00E-07,0.0001,0.01,464,3,1
101,0.8913,tanh,1.00E-06,0.0001,0.01,464,3,1
102,0.9023,tanh,1.00E-05,0.0001,0.01,464,3,1
103,0.9245,tanh,0.0001,0.0001,0.01,464,3,1
104,0.5736,tanh,1.00E-07,0.0001,0.1,464,3,1
105,0.6847,tanh,1.00E-06,0.0001,0.1,464,3,1
106,0.7758,tanh,1.00E-05,0.0001,0.1,464,3,1
107,0.8181,tanh,0.0001,0.0001,0.1,464,3,1
108,0.0892,tanh,1.00E-07,0.0001,1,464,3,1
109,0.101,tanh,1.00E-06,0.0001,1,464,3,1
110,0.101,tanh,1.00E-05,0.0001,1,464,3,1
111,0.1028,tanh,0.0001,0.0001,1,464,3,1
112,0.9405,tanh,1.00E-07,0.0001,0.001,1000,3,1
113,0.9396,tanh,1.00E-06,0.0001,0.001,1000,3,1
114,0.9401,tanh,1.00E-05,0.0001,0.001,1000,3,1
115,0.9324,tanh,0.0001,0.0001,0.001,1000,3,1
116,0.9159,tanh,1.00E-07,0.0001,0.01,1000,3,1
117,0.8912,tanh,1.00E-06,0.0001,0.01,1000,3,1
118,0.9159,tanh,1.00E-05,0.0001,0.01,1000,3,1
119,0.9406,tanh,0.0001,0.0001,0.01,1000,3,1
120,0.7278,tanh,1.00E-07,0.0001,0.1,1000,3,1
121,0.7885,tanh,1.00E-06,0.0001,0.1,1000,3,1
122,0.7706,tanh,1.00E-05,0.0001,0.1,1000,3,1
123,0.8479,tanh,0.0001,0.0001,0.1,1000,3,1
124,0.1009,tanh,1.00E-07,0.0001,1,1000,3,1
125,0.098,tanh,1.00E-06,0.0001,1,1000,3,1
126,0.101,tanh,1.00E-05,0.0001,1,1000,3,1
127,0.101,tanh,0.0001,0.0001,1,1000,3,1
128,0.9037,tanh,1.00E-07,0.0001,0.001,100,4,1
129,0.9045,tanh,1.00E-06,0.0001,0.001,100,4,1
130,0.9042,tanh,1.00E-05,0.0001,0.001,100,4,1
131,0.8893,tanh,0.0001,0.0001,0.001,100,4,1
132,0.8317,tanh,1.00E-07,0.0001,0.01,100,4,1
133,0.8321,tanh,1.00E-06,0.0001,0.01,100,4,1
134,0.8245,tanh,1.00E-05,0.0001,0.01,100,4,1
135,0.8594,tanh,0.0001,0.0001,0.01,100,4,1
136,0.5872,tanh,1.00E-07,0.0001,0.1,100,4,1
137,0.4713,tanh,1.00E-06,0.0001,0.1,100,4,1
138,0.5253,tanh,1.00E-05,0.0001,0.1,100,4,1
139,0.6378,tanh,0.0001,0.0001,0.1,100,4,1
140,0.1028,tanh,1.00E-07,0.0001,1,100,4,1
141,0.098,tanh,1.00E-06,0.0001,1,100,4,1
142,0.0982,tanh,1.00E-05,0.0001,1,100,4,1
143,0.0958,tanh,0.0001,0.0001,1,100,4,1
144,0.9171,tanh,1.00E-07,0.0001,0.001,215,4,1
145,0.9166,tanh,1.00E-06,0.0001,0.001,215,4,1
146,0.9127,tanh,1.00E-05,0.0001,0.001,215,4,1
147,0.9081,tanh,0.0001,0.0001,0.001,215,4,1
148,0.874,tanh,1.00E-07,0.0001,0.01,215,4,1
149,0.8606,tanh,1.00E-06,0.0001,0.01,215,4,1
150,0.8835,tanh,1.00E-05,0.0001,0.01,215,4,1
151,0.9095,tanh,0.0001,0.0001,0.01,215,4,1
152,0.635,tanh,1.00E-07,0.0001,0.1,215,4,1
153,0.6403,tanh,1.00E-06,0.0001,0.1,215,4,1
154,0.5969,tanh,1.00E-05,0.0001,0.1,215,4,1
155,0.7577,tanh,0.0001,0.0001,0.1,215,4,1
156,0.1006,tanh,1.00E-07,0.0001,1,215,4,1
157,0.098,tanh,1.00E-06,0.0001,1,215,4,1
158,0.0982,tanh,1.00E-05,0.0001,1,215,4,1
159,0.0974,tanh,0.0001,0.0001,1,215,4,1
160,0.9287,tanh,1.00E-07,0.0001,0.001,464,4,1
161,0.9348,tanh,1.00E-06,0.0001,0.001,464,4,1
162,0.9277,tanh,1.00E-05,0.0001,0.001,464,4,1
163,0.9215,tanh,0.0001,0.0001,0.001,464,4,1
164,0.8741,tanh,1.00E-07,0.0001,0.01,464,4,1
165,0.8853,tanh,1.00E-06,0.0001,0.01,464,4,1
166,0.9095,tanh,1.00E-05,0.0001,0.01,464,4,1
167,0.9235,tanh,0.0001,0.0001,0.01,464,4,1
168,0.5125,tanh,1.00E-07,0.0001,0.1,464,4,1
169,0.7374,tanh,1.00E-06,0.0001,0.1,464,4,1
170,0.6689,tanh,1.00E-05,0.0001,0.1,464,4,1
171,0.7062,tanh,0.0001,0.0001,0.1,464,4,1
172,0.1009,tanh,1.00E-07,0.0001,1,464,4,1
173,0.1009,tanh,1.00E-06,0.0001,1,464,4,1
174,0.1135,tanh,1.00E-05,0.0001,1,464,4,1
175,0.0958,tanh,0.0001,0.0001,1,464,4,1
176,0.9406,tanh,1.00E-07,0.0001,0.001,1000,4,1
177,0.9403,tanh,1.00E-06,0.0001,0.001,1000,4,1
178,0.9389,tanh,1.00E-05,0.0001,0.001,1000,4,1
179,0.937,tanh,0.0001,0.0001,0.001,1000,4,1
180,0.9011,tanh,1.00E-07,0.0001,0.01,1000,4,1
181,0.911,tanh,1.00E-06,0.0001,0.01,1000,4,1
182,0.9215,tanh,1.00E-05,0.0001,0.01,1000,4,1
183,0.9409,tanh,0.0001,0.0001,0.01,1000,4,1
184,0.7704,tanh,1.00E-07,0.0001,0.1,1000,4,1
185,0.7894,tanh,1.00E-06,0.0001,0.1,1000,4,1
186,0.701,tanh,1.00E-05,0.0001,0.1,1000,4,1
187,0.8268,tanh,0.0001,0.0001,0.1,1000,4,1
188,0.0892,tanh,1.00E-07,0.0001,1,1000,4,1
189,0.1003,tanh,1.00E-06,0.0001,1,1000,4,1
190,0.101,tanh,1.00E-05,0.0001,1,1000,4,1
191,0.101,tanh,0.0001,0.0001,1,1000,4,1
192,0.9102,tanh,1.00E-07,0.001,0.001,100,2,1
193,0.9044,tanh,1.00E-06,0.001,0.001,100,2,1
194,0.9074,tanh,1.00E-05,0.001,0.001,100,2,1
195,0.8953,tanh,0.0001,0.001,0.001,100,2,1
196,0.7771,tanh,1.00E-07,0.001,0.01,100,2,1
197,0.7976,tanh,1.00E-06,0.001,0.01,100,2,1
198,0.8713,tanh,1.00E-05,0.001,0.01,100,2,1
199,0.8844,tanh,0.0001,0.001,0.01,100,2,1
200,0.4296,tanh,1.00E-07,0.001,0.1,100,2,1
201,0.5535,tanh,1.00E-06,0.001,0.1,100,2,1
202,0.4866,tanh,1.00E-05,0.001,0.1,100,2,1
203,0.6185,tanh,0.0001,0.001,0.1,100,2,1
204,0.1028,tanh,1.00E-07,0.001,1,100,2,1
205,0.0892,tanh,1.00E-06,0.001,1,100,2,1
206,0.1028,tanh,1.00E-05,0.001,1,100,2,1
207,0.098,tanh,0.0001,0.001,1,100,2,1
208,0.9235,tanh,1.00E-07,0.001,0.001,215,2,1
209,0.92,tanh,1.00E-06,0.001,0.001,215,2,1
210,0.9191,tanh,1.00E-05,0.001,0.001,215,2,1
211,0.9118,tanh,0.0001,0.001,0.001,215,2,1
212,0.8728,tanh,1.00E-07,0.001,0.01,215,2,1
213,0.8799,tanh,1.00E-06,0.001,0.01,215,2,1
214,0.8704,tanh,1.00E-05,0.001,0.01,215,2,1
215,0.9096,tanh,0.0001,0.001,0.01,215,2,1
216,0.5742,tanh,1.00E-07,0.001,0.1,215,2,1
217,0.4964,tanh,1.00E-06,0.001,0.1,215,2,1
218,0.5777,tanh,1.00E-05,0.001,0.1,215,2,1
219,0.5769,tanh,0.0001,0.001,0.1,215,2,1
220,0.1135,tanh,1.00E-07,0.001,1,215,2,1
221,0.0974,tanh,1.00E-06,0.001,1,215,2,1
222,0.1032,tanh,1.00E-05,0.001,1,215,2,1
223,0.0982,tanh,0.0001,0.001,1,215,2,1
224,0.9294,tanh,1.00E-07,0.001,0.001,464,2,1
225,0.9305,tanh,1.00E-06,0.001,0.001,464,2,1
226,0.9305,tanh,1.00E-05,0.001,0.001,464,2,1
227,0.9232,tanh,0.0001,0.001,0.001,464,2,1
228,0.8933,tanh,1.00E-07,0.001,0.01,464,2,1
229,0.8939,tanh,1.00E-06,0.001,0.01,464,2,1
230,0.9002,tanh,1.00E-05,0.001,0.01,464,2,1
231,0.9246,tanh,0.0001,0.001,0.01,464,2,1
232,0.645,tanh,1.00E-07,0.001,0.1,464,2,1
233,0.5255,tanh,1.00E-06,0.001,0.1,464,2,1
234,0.494,tanh,1.00E-05,0.001,0.1,464,2,1
235,0.6171,tanh,0.0001,0.001,0.1,464,2,1
236,0.101,tanh,1.00E-07,0.001,1,464,2,1
237,0.1032,tanh,1.00E-06,0.001,1,464,2,1
238,0.101,tanh,1.00E-05,0.001,1,464,2,1
239,0.0892,tanh,0.0001,0.001,1,464,2,1
240,0.9394,tanh,1.00E-07,0.001,0.001,1000,2,1
241,0.9392,tanh,1.00E-06,0.001,0.001,1000,2,1
242,0.937,tanh,1.00E-05,0.001,0.001,1000,2,1
243,0.9351,tanh,0.0001,0.001,0.001,1000,2,1
244,0.8875,tanh,1.00E-07,0.001,0.01,1000,2,1
245,0.8958,tanh,1.00E-06,0.001,0.01,1000,2,1
246,0.895,tanh,1.00E-05,0.001,0.01,1000,2,1
247,0.9258,tanh,0.0001,0.001,0.01,1000,2,1
248,0.1028,tanh,1.00E-07,0.001,0.1,1000,2,1
249,0.098,tanh,1.00E-06,0.001,0.1,1000,2,1
250,0.101,tanh,1.00E-05,0.001,0.1,1000,2,1
251,0.6372,tanh,0.0001,0.001,0.1,1000,2,1
252,0.101,tanh,1.00E-07,0.001,1,1000,2,1
253,0.0892,tanh,1.00E-06,0.001,1,1000,2,1
254,0.0974,tanh,1.00E-05,0.001,1,1000,2,1
255,0.101,tanh,0.0001,0.001,1,1000,2,1
256,0.9077,tanh,1.00E-07,0.001,0.001,100,3,1
257,0.9073,tanh,1.00E-06,0.001,0.001,100,3,1
258,0.9076,tanh,1.00E-05,0.001,0.001,100,3,1
259,0.8979,tanh,0.0001,0.001,0.001,100,3,1
260,0.8218,tanh,1.00E-07,0.001,0.01,100,3,1
261,0.8407,tanh,1.00E-06,0.001,0.01,100,3,1
262,0.8372,tanh,1.00E-05,0.001,0.01,100,3,1
263,0.8969,tanh,0.0001,0.001,0.01,100,3,1
264,0.4978,tanh,1.00E-07,0.001,0.1,100,3,1
265,0.4492,tanh,1.00E-06,0.001,0.1,100,3,1
266,0.2968,tanh,1.00E-05,0.001,0.1,100,3,1
267,0.4763,tanh,0.0001,0.001,0.1,100,3,1
268,0.1009,tanh,1.00E-07,0.001,1,100,3,1
269,0.1028,tanh,1.00E-06,0.001,1,100,3,1
270,0.0892,tanh,1.00E-05,0.001,1,100,3,1
271,0.1028,tanh,0.0001,0.001,1,100,3,1
272,0.9195,tanh,1.00E-07,0.001,0.001,215,3,1
273,0.9181,tanh,1.00E-06,0.001,0.001,215,3,1
274,0.9152,tanh,1.00E-05,0.001,0.001,215,3,1
275,0.9111,tanh,0.0001,0.001,0.001,215,3,1
276,0.8656,tanh,1.00E-07,0.001,0.01,215,3,1
277,0.8711,tanh,1.00E-06,0.001,0.01,215,3,1
278,0.8843,tanh,1.00E-05,0.001,0.01,215,3,1
279,0.9135,tanh,0.0001,0.001,0.01,215,3,1
280,0.4348,tanh,1.00E-07,0.001,0.1,215,3,1
281,0.4818,tanh,1.00E-06,0.001,0.1,215,3,1
282,0.4496,tanh,1.00E-05,0.001,0.1,215,3,1
283,0.6776,tanh,0.0001,0.001,0.1,215,3,1
284,0.0974,tanh,1.00E-07,0.001,1,215,3,1
285,0.101,tanh,1.00E-06,0.001,1,215,3,1
286,0.0974,tanh,1.00E-05,0.001,1,215,3,1
287,0.0982,tanh,0.0001,0.001,1,215,3,1
288,0.9264,tanh,1.00E-07,0.001,0.001,464,3,1
289,0.9303,tanh,1.00E-06,0.001,0.001,464,3,1
290,0.9251,tanh,1.00E-05,0.001,0.001,464,3,1
291,0.9206,tanh,0.0001,0.001,0.001,464,3,1
292,0.8848,tanh,1.00E-07,0.001,0.01,464,3,1
293,0.8948,tanh,1.00E-06,0.001,0.01,464,3,1
294,0.9028,tanh,1.00E-05,0.001,0.01,464,3,1
295,0.9296,tanh,0.0001,0.001,0.01,464,3,1
296,0.4445,tanh,1.00E-07,0.001,0.1,464,3,1
297,0.4706,tanh,1.00E-06,0.001,0.1,464,3,1
298,0.5446,tanh,1.00E-05,0.001,0.1,464,3,1
299,0.5911,tanh,0.0001,0.001,0.1,464,3,1
300,0.1032,tanh,1.00E-07,0.001,1,464,3,1
301,0.1009,tanh,1.00E-06,0.001,1,464,3,1
302,0.1028,tanh,1.00E-05,0.001,1,464,3,1
303,0.1028,tanh,0.0001,0.001,1,464,3,1
304,0.9358,tanh,1.00E-07,0.001,0.001,1000,3,1
305,0.9387,tanh,1.00E-06,0.001,0.001,1000,3,1
306,0.9342,tanh,1.00E-05,0.001,0.001,1000,3,1
307,0.932,tanh,0.0001,0.001,0.001,1000,3,1
308,0.8142,tanh,1.00E-07,0.001,0.01,1000,3,1
309,0.8757,tanh,1.00E-06,0.001,0.01,1000,3,1
310,0.8725,tanh,1.00E-05,0.001,0.01,1000,3,1
311,0.9294,tanh,0.0001,0.001,0.01,1000,3,1
312,0.5931,tanh,1.00E-07,0.001,0.1,1000,3,1
313,0.4889,tanh,1.00E-06,0.001,0.1,1000,3,1
314,0.6126,tanh,1.00E-05,0.001,0.1,1000,3,1
315,0.6676,tanh,0.0001,0.001,0.1,1000,3,1
316,0.0958,tanh,1.00E-07,0.001,1,1000,3,1
317,0.098,tanh,1.00E-06,0.001,1,1000,3,1
318,0.098,tanh,1.00E-05,0.001,1,1000,3,1
319,0.1009,tanh,0.0001,0.001,1,1000,3,1
320,0.9086,tanh,1.00E-07,0.001,0.001,100,4,1
321,0.9061,tanh,1.00E-06,0.001,0.001,100,4,1
322,0.9067,tanh,1.00E-05,0.001,0.001,100,4,1
323,0.8987,tanh,0.0001,0.001,0.001,100,4,1
324,0.8519,tanh,1.00E-07,0.001,0.01,100,4,1
325,0.8232,tanh,1.00E-06,0.001,0.01,100,4,1
326,0.836,tanh,1.00E-05,0.001,0.01,100,4,1
327,0.8812,tanh,0.0001,0.001,0.01,100,4,1
328,0.4084,tanh,1.00E-07,0.001,0.1,100,4,1
329,0.4026,tanh,1.00E-06,0.001,0.1,100,4,1
330,0.3957,tanh,1.00E-05,0.001,0.1,100,4,1
331,0.5039,tanh,0.0001,0.001,0.1,100,4,1
332,0.0958,tanh,1.00E-07,0.001,1,100,4,1
333,0.0892,tanh,1.00E-06,0.001,1,100,4,1
334,0.0892,tanh,1.00E-05,0.001,1,100,4,1
335,0.0958,tanh,0.0001,0.001,1,100,4,1
336,0.9218,tanh,1.00E-07,0.001,0.001,215,4,1
337,0.9223,tanh,1.00E-06,0.001,0.001,215,4,1
338,0.9169,tanh,1.00E-05,0.001,0.001,215,4,1
339,0.9107,tanh,0.0001,0.001,0.001,215,4,1
340,0.881,tanh,1.00E-07,0.001,0.01,215,4,1
341,0.8655,tanh,1.00E-06,0.001,0.01,215,4,1
342,0.8909,tanh,1.00E-05,0.001,0.01,215,4,1
343,0.9109,tanh,0.0001,0.001,0.01,215,4,1
344,0.4664,tanh,1.00E-07,0.001,0.1,215,4,1
345,0.3508,tanh,1.00E-06,0.001,0.1,215,4,1
346,0.4188,tanh,1.00E-05,0.001,0.1,215,4,1
347,0.6475,tanh,0.0001,0.001,0.1,215,4,1
348,0.0958,tanh,1.00E-07,0.001,1,215,4,1
349,0.1028,tanh,1.00E-06,0.001,1,215,4,1
350,0.101,tanh,1.00E-05,0.001,1,215,4,1
351,0.1028,tanh,0.0001,0.001,1,215,4,1
352,0.9287,tanh,1.00E-07,0.001,0.001,464,4,1
353,0.9288,tanh,1.00E-06,0.001,0.001,464,4,1
354,0.9278,tanh,1.00E-05,0.001,0.001,464,4,1
355,0.9196,tanh,0.0001,0.001,0.001,464,4,1
356,0.8213,tanh,1.00E-07,0.001,0.01,464,4,1
357,0.8644,tanh,1.00E-06,0.001,0.01,464,4,1
358,0.8615,tanh,1.00E-05,0.001,0.01,464,4,1
359,0.926,tanh,0.0001,0.001,0.01,464,4,1
360,0.431,tanh,1.00E-07,0.001,0.1,464,4,1
361,0.5735,tanh,1.00E-06,0.001,0.1,464,4,1
362,0.459,tanh,1.00E-05,0.001,0.1,464,4,1
363,0.3747,tanh,0.0001,0.001,0.1,464,4,1
364,0.1009,tanh,1.00E-07,0.001,1,464,4,1
365,0.098,tanh,1.00E-06,0.001,1,464,4,1
366,0.0958,tanh,1.00E-05,0.001,1,464,4,1
367,0.1028,tanh,0.0001,0.001,1,464,4,1
368,0.9375,tanh,1.00E-07,0.001,0.001,1000,4,1
369,0.9355,tanh,1.00E-06,0.001,0.001,1000,4,1
370,0.9348,tanh,1.00E-05,0.001,0.001,1000,4,1
371,0.9294,tanh,0.0001,0.001,0.001,1000,4,1
372,0.7978,tanh,1.00E-07,0.001,0.01,1000,4,1
373,0.7853,tanh,1.00E-06,0.001,0.01,1000,4,1
374,0.866,tanh,1.00E-05,0.001,0.01,1000,4,1
375,0.9155,tanh,0.0001,0.001,0.01,1000,4,1
376,0.292,tanh,1.00E-07,0.001,0.1,1000,4,1
377,0.4743,tanh,1.00E-06,0.001,0.1,1000,4,1
378,0.3568,tanh,1.00E-05,0.001,0.1,1000,4,1
379,0.5695,tanh,0.0001,0.001,0.1,1000,4,1
380,0.1028,tanh,1.00E-07,0.001,1,1000,4,1
381,0.1028,tanh,1.00E-06,0.001,1,1000,4,1
382,0.1009,tanh,1.00E-05,0.001,1,1000,4,1
383,0.0958,tanh,0.0001,0.001,1,1000,4,1
384,0.8918,tanh,1.00E-07,0.01,0.001,100,2,1
385,0.8915,tanh,1.00E-06,0.01,0.001,100,2,1
386,0.8966,tanh,1.00E-05,0.01,0.001,100,2,1
387,0.9036,tanh,0.0001,0.01,0.001,100,2,1
388,0.6491,tanh,1.00E-07,0.01,0.01,100,2,1
389,0.7188,tanh,1.00E-06,0.01,0.01,100,2,1
390,0.7031,tanh,1.00E-05,0.01,0.01,100,2,1
391,0.8027,tanh,0.0001,0.01,0.01,100,2,1
392,0.1143,tanh,1.00E-07,0.01,0.1,100,2,1
393,0.1135,tanh,1.00E-06,0.01,0.1,100,2,1
394,0.1064,tanh,1.00E-05,0.01,0.1,100,2,1
395,0.2013,tanh,0.0001,0.01,0.1,100,2,1
396,0.1009,tanh,1.00E-07,0.01,1,100,2,1
397,0.1009,tanh,1.00E-06,0.01,1,100,2,1
398,0.101,tanh,1.00E-05,0.01,1,100,2,1
399,0.1009,tanh,0.0001,0.01,1,100,2,1
400,0.8845,tanh,1.00E-07,0.01,0.001,215,2,1
401,0.8932,tanh,1.00E-06,0.01,0.001,215,2,1
402,0.8936,tanh,1.00E-05,0.01,0.001,215,2,1
403,0.9062,tanh,0.0001,0.01,0.001,215,2,1
404,0.685,tanh,1.00E-07,0.01,0.01,215,2,1
405,0.6979,tanh,1.00E-06,0.01,0.01,215,2,1
406,0.6804,tanh,1.00E-05,0.01,0.01,215,2,1
407,0.7961,tanh,0.0001,0.01,0.01,215,2,1
408,0.1943,tanh,1.00E-07,0.01,0.1,215,2,1
409,0.1985,tanh,1.00E-06,0.01,0.1,215,2,1
410,0.1135,tanh,1.00E-05,0.01,0.1,215,2,1
411,0.1937,tanh,0.0001,0.01,0.1,215,2,1
412,0.1009,tanh,1.00E-07,0.01,1,215,2,1
413,0.101,tanh,1.00E-06,0.01,1,215,2,1
414,0.1028,tanh,1.00E-05,0.01,1,215,2,1
415,0.1028,tanh,0.0001,0.01,1,215,2,1
416,0.8473,tanh,1.00E-07,0.01,0.001,464,2,1
417,0.8391,tanh,1.00E-06,0.01,0.001,464,2,1
418,0.8589,tanh,1.00E-05,0.01,0.001,464,2,1
419,0.8933,tanh,0.0001,0.01,0.001,464,2,1
420,0.6393,tanh,1.00E-07,0.01,0.01,464,2,1
421,0.6609,tanh,1.00E-06,0.01,0.01,464,2,1
422,0.5799,tanh,1.00E-05,0.01,0.01,464,2,1
423,0.7619,tanh,0.0001,0.01,0.01,464,2,1
424,0.1341,tanh,1.00E-07,0.01,0.1,464,2,1
425,0.0989,tanh,1.00E-06,0.01,0.1,464,2,1
426,0.1561,tanh,1.00E-05,0.01,0.1,464,2,1
427,0.098,tanh,0.0001,0.01,0.1,464,2,1
428,0.1135,tanh,1.00E-07,0.01,1,464,2,1
429,0.0974,tanh,1.00E-06,0.01,1,464,2,1
430,0.1016,tanh,1.00E-05,0.01,1,464,2,1
431,0.0974,tanh,0.0001,0.01,1,464,2,1
432,0.7317,tanh,1.00E-07,0.01,0.001,1000,2,1
433,0.6583,tanh,1.00E-06,0.01,0.001,1000,2,1
434,0.6818,tanh,1.00E-05,0.01,0.001,1000,2,1
435,0.7089,tanh,0.0001,0.01,0.001,1000,2,1
436,0.597,tanh,1.00E-07,0.01,0.01,1000,2,1
437,0.5154,tanh,1.00E-06,0.01,0.01,1000,2,1
438,0.6159,tanh,1.00E-05,0.01,0.01,1000,2,1
439,0.6806,tanh,0.0001,0.01,0.01,1000,2,1
440,0.0958,tanh,1.00E-07,0.01,0.1,1000,2,1
441,0.101,tanh,1.00E-06,0.01,0.1,1000,2,1
442,0.1921,tanh,1.00E-05,0.01,0.1,1000,2,1
443,0.1135,tanh,0.0001,0.01,0.1,1000,2,1
444,0.1132,tanh,1.00E-07,0.01,1,1000,2,1
445,0.1135,tanh,1.00E-06,0.01,1,1000,2,1
446,0.0974,tanh,1.00E-05,0.01,1,1000,2,1
447,0.101,tanh,0.0001,0.01,1,1000,2,1
448,0.8906,tanh,1.00E-07,0.01,0.001,100,3,1
449,0.8778,tanh,1.00E-06,0.01,0.001,100,3,1
450,0.8828,tanh,1.00E-05,0.01,0.001,100,3,1
451,0.8966,tanh,0.0001,0.01,0.001,100,3,1
452,0.585,tanh,1.00E-07,0.01,0.01,100,3,1
453,0.6216,tanh,1.00E-06,0.01,0.01,100,3,1
454,0.5973,tanh,1.00E-05,0.01,0.01,100,3,1
455,0.6695,tanh,0.0001,0.01,0.01,100,3,1
456,0.1135,tanh,1.00E-07,0.01,0.1,100,3,1
457,0.1135,tanh,1.00E-06,0.01,0.1,100,3,1
458,0.1135,tanh,1.00E-05,0.01,0.1,100,3,1
459,0.101,tanh,0.0001,0.01,0.1,100,3,1
460,0.101,tanh,1.00E-07,0.01,1,100,3,1
461,0.1032,tanh,1.00E-06,0.01,1,100,3,1
462,0.0974,tanh,1.00E-05,0.01,1,100,3,1
463,0.1009,tanh,0.0001,0.01,1,100,3,1
464,0.8318,tanh,1.00E-07,0.01,0.001,215,3,1
465,0.8244,tanh,1.00E-06,0.01,0.001,215,3,1
466,0.8459,tanh,1.00E-05,0.01,0.001,215,3,1
467,0.8898,tanh,0.0001,0.01,0.001,215,3,1
468,0.4929,tanh,1.00E-07,0.01,0.01,215,3,1
469,0.3286,tanh,1.00E-06,0.01,0.01,215,3,1
470,0.5306,tanh,1.00E-05,0.01,0.01,215,3,1
471,0.5532,tanh,0.0001,0.01,0.01,215,3,1
472,0.1135,tanh,1.00E-07,0.01,0.1,215,3,1
473,0.1135,tanh,1.00E-06,0.01,0.1,215,3,1
474,0.1135,tanh,1.00E-05,0.01,0.1,215,3,1
475,0.1135,tanh,0.0001,0.01,0.1,215,3,1
476,0.0974,tanh,1.00E-07,0.01,1,215,3,1
477,0.101,tanh,1.00E-06,0.01,1,215,3,1
478,0.101,tanh,1.00E-05,0.01,1,215,3,1
479,0.1009,tanh,0.0001,0.01,1,215,3,1
480,0.1846,tanh,1.00E-07,0.01,0.001,464,3,1
481,0.1879,tanh,1.00E-06,0.01,0.001,464,3,1
482,0.2101,tanh,1.00E-05,0.01,0.001,464,3,1
483,0.7366,tanh,0.0001,0.01,0.001,464,3,1
484,0.1135,tanh,1.00E-07,0.01,0.01,464,3,1
485,0.1135,tanh,1.00E-06,0.01,0.01,464,3,1
486,0.1135,tanh,1.00E-05,0.01,0.01,464,3,1
487,0.1135,tanh,0.0001,0.01,0.01,464,3,1
488,0.1135,tanh,1.00E-07,0.01,0.1,464,3,1
489,0.1135,tanh,1.00E-06,0.01,0.1,464,3,1
490,0.1135,tanh,1.00E-05,0.01,0.1,464,3,1
491,0.1135,tanh,0.0001,0.01,0.1,464,3,1
492,0.0892,tanh,1.00E-07,0.01,1,464,3,1
493,0.1032,tanh,1.00E-06,0.01,1,464,3,1
494,0.101,tanh,1.00E-05,0.01,1,464,3,1
495,0.0958,tanh,0.0001,0.01,1,464,3,1
496,0.1135,tanh,1.00E-07,0.01,0.001,1000,3,1
497,0.1135,tanh,1.00E-06,0.01,0.001,1000,3,1
498,0.1135,tanh,1.00E-05,0.01,0.001,1000,3,1
499,0.1135,tanh,0.0001,0.01,0.001,1000,3,1
500,0.1135,tanh,1.00E-07,0.01,0.01,1000,3,1
501,0.1135,tanh,1.00E-06,0.01,0.01,1000,3,1
502,0.1135,tanh,1.00E-05,0.01,0.01,1000,3,1
503,0.1135,tanh,0.0001,0.01,0.01,1000,3,1
504,0.1135,tanh,1.00E-07,0.01,0.1,1000,3,1
505,0.1135,tanh,1.00E-06,0.01,0.1,1000,3,1
506,0.1135,tanh,1.00E-05,0.01,0.1,1000,3,1
507,0.1135,tanh,0.0001,0.01,0.1,1000,3,1
508,0.101,tanh,1.00E-07,0.01,1,1000,3,1
509,0.101,tanh,1.00E-06,0.01,1,1000,3,1
510,0.0958,tanh,1.00E-05,0.01,1,1000,3,1
511,0.101,tanh,0.0001,0.01,1,1000,3,1
512,0.8371,tanh,1.00E-07,0.01,0.001,100,4,1
513,0.8453,tanh,1.00E-06,0.01,0.001,100,4,1
514,0.8416,tanh,1.00E-05,0.01,0.001,100,4,1
515,0.8702,tanh,0.0001,0.01,0.001,100,4,1
516,0.4909,tanh,1.00E-07,0.01,0.01,100,4,1
517,0.4735,tanh,1.00E-06,0.01,0.01,100,4,1
518,0.4919,tanh,1.00E-05,0.01,0.01,100,4,1
519,0.5776,tanh,0.0001,0.01,0.01,100,4,1
520,0.1135,tanh,1.00E-07,0.01,0.1,100,4,1
521,0.1032,tanh,1.00E-06,0.01,0.1,100,4,1
522,0.1135,tanh,1.00E-05,0.01,0.1,100,4,1
523,0.1135,tanh,0.0001,0.01,0.1,100,4,1
524,0.1009,tanh,1.00E-07,0.01,1,100,4,1
525,0.101,tanh,1.00E-06,0.01,1,100,4,1
526,0.0982,tanh,1.00E-05,0.01,1,100,4,1
527,0.1032,tanh,0.0001,0.01,1,100,4,1
528,0.691,tanh,1.00E-07,0.01,0.001,215,4,1
529,0.6783,tanh,1.00E-06,0.01,0.001,215,4,1
530,0.6644,tanh,1.00E-05,0.01,0.001,215,4,1
531,0.8221,tanh,0.0001,0.01,0.001,215,4,1
532,0.1135,tanh,1.00E-07,0.01,0.01,215,4,1
533,0.1135,tanh,1.00E-06,0.01,0.01,215,4,1
534,0.1135,tanh,1.00E-05,0.01,0.01,215,4,1
535,0.1135,tanh,0.0001,0.01,0.01,215,4,1
536,0.1135,tanh,1.00E-07,0.01,0.1,215,4,1
537,0.1135,tanh,1.00E-06,0.01,0.1,215,4,1
538,0.1135,tanh,1.00E-05,0.01,0.1,215,4,1
539,0.1135,tanh,0.0001,0.01,0.1,215,4,1
540,0.0974,tanh,1.00E-07,0.01,1,215,4,1
541,0.098,tanh,1.00E-06,0.01,1,215,4,1
542,0.1028,tanh,1.00E-05,0.01,1,215,4,1
543,0.101,tanh,0.0001,0.01,1,215,4,1
544,0.1135,tanh,1.00E-07,0.01,0.001,464,4,1
545,0.1135,tanh,1.00E-06,0.01,0.001,464,4,1
546,0.1135,tanh,1.00E-05,0.01,0.001,464,4,1
547,0.5922,tanh,0.0001,0.01,0.001,464,4,1
548,0.1135,tanh,1.00E-07,0.01,0.01,464,4,1
549,0.1135,tanh,1.00E-06,0.01,0.01,464,4,1
550,0.1135,tanh,1.00E-05,0.01,0.01,464,4,1
551,0.1135,tanh,0.0001,0.01,0.01,464,4,1
552,0.1135,tanh,1.00E-07,0.01,0.1,464,4,1
553,0.1135,tanh,1.00E-06,0.01,0.1,464,4,1
554,0.1135,tanh,1.00E-05,0.01,0.1,464,4,1
555,0.1028,tanh,0.0001,0.01,0.1,464,4,1
556,0.0982,tanh,1.00E-07,0.01,1,464,4,1
557,0.1009,tanh,1.00E-06,0.01,1,464,4,1
558,0.0974,tanh,1.00E-05,0.01,1,464,4,1
559,0.101,tanh,0.0001,0.01,1,464,4,1
560,0.1135,tanh,1.00E-07,0.01,0.001,1000,4,1
561,0.1135,tanh,1.00E-06,0.01,0.001,1000,4,1
562,0.1135,tanh,1.00E-05,0.01,0.001,1000,4,1
563,0.1135,tanh,0.0001,0.01,0.001,1000,4,1
564,0.1135,tanh,1.00E-07,0.01,0.01,1000,4,1
565,0.1135,tanh,1.00E-06,0.01,0.01,1000,4,1
566,0.1135,tanh,1.00E-05,0.01,0.01,1000,4,1
567,0.1135,tanh,0.0001,0.01,0.01,1000,4,1
568,0.1135,tanh,1.00E-07,0.01,0.1,1000,4,1
569,0.1135,tanh,1.00E-06,0.01,0.1,1000,4,1
570,0.1135,tanh,1.00E-05,0.01,0.1,1000,4,1
571,0.1135,tanh,0.0001,0.01,0.1,1000,4,1
572,0.1009,tanh,1.00E-07,0.01,1,1000,4,1
573,0.0974,tanh,1.00E-06,0.01,1,1000,4,1
574,0.098,tanh,1.00E-05,0.01,1,1000,4,1
575,0.0982,tanh,0.0001,0.01,1,1000,4,1
576,0.1135,tanh,1.00E-07,0.1,0.001,100,2,1
577,0.1135,tanh,1.00E-06,0.1,0.001,100,2,1
578,0.1135,tanh,1.00E-05,0.1,0.001,100,2,1
579,0.1135,tanh,0.0001,0.1,0.001,100,2,1
580,0.1135,tanh,1.00E-07,0.1,0.01,100,2,1
581,0.1135,tanh,1.00E-06,0.1,0.01,100,2,1
582,0.1135,tanh,1.00E-05,0.1,0.01,100,2,1
583,0.1135,tanh,0.0001,0.1,0.01,100,2,1
584,0.1135,tanh,1.00E-07,0.1,0.1,100,2,1
585,0.1135,tanh,1.00E-06,0.1,0.1,100,2,1
586,0.1028,tanh,1.00E-05,0.1,0.1,100,2,1
587,0.1135,tanh,0.0001,0.1,0.1,100,2,1
588,0.108,tanh,1.00E-07,0.1,1,100,2,1
589,0.1013,tanh,1.00E-06,0.1,1,100,2,1
590,0.118,tanh,1.00E-05,0.1,1,100,2,1
591,0.1208,tanh,0.0001,0.1,1,100,2,1
592,0.1135,tanh,1.00E-07,0.1,0.001,215,2,1
593,0.1135,tanh,1.00E-06,0.1,0.001,215,2,1
594,0.1135,tanh,1.00E-05,0.1,0.001,215,2,1
595,0.1135,tanh,0.0001,0.1,0.001,215,2,1
596,0.1135,tanh,1.00E-07,0.1,0.01,215,2,1
597,0.1135,tanh,1.00E-06,0.1,0.01,215,2,1
598,0.1135,tanh,1.00E-05,0.1,0.01,215,2,1
599,0.1135,tanh,0.0001,0.1,0.01,215,2,1
600,0.1135,tanh,1.00E-07,0.1,0.1,215,2,1
601,0.1135,tanh,1.00E-06,0.1,0.1,215,2,1
602,0.1004,tanh,1.00E-05,0.1,0.1,215,2,1
603,0.1135,tanh,0.0001,0.1,0.1,215,2,1
604,0.103,tanh,1.00E-07,0.1,1,215,2,1
605,0.1132,tanh,1.00E-06,0.1,1,215,2,1
606,0.1032,tanh,1.00E-05,0.1,1,215,2,1
607,0.093,tanh,0.0001,0.1,1,215,2,1
608,0.1135,tanh,1.00E-07,0.1,0.001,464,2,1
609,0.1135,tanh,1.00E-06,0.1,0.001,464,2,1
610,0.1135,tanh,1.00E-05,0.1,0.001,464,2,1
611,0.1135,tanh,0.0001,0.1,0.001,464,2,1
612,0.1135,tanh,1.00E-07,0.1,0.01,464,2,1
613,0.1135,tanh,1.00E-06,0.1,0.01,464,2,1
614,0.1135,tanh,1.00E-05,0.1,0.01,464,2,1
615,0.1135,tanh,0.0001,0.1,0.01,464,2,1
616,0.1135,tanh,1.00E-07,0.1,0.1,464,2,1
617,0.101,tanh,1.00E-06,0.1,0.1,464,2,1
618,0.1135,tanh,1.00E-05,0.1,0.1,464,2,1
619,0.1135,tanh,0.0001,0.1,0.1,464,2,1
620,0.0917,tanh,1.00E-07,0.1,1,464,2,1
621,0.0974,tanh,1.00E-06,0.1,1,464,2,1
622,0.1266,tanh,1.00E-05,0.1,1,464,2,1
623,0.1018,tanh,0.0001,0.1,1,464,2,1
624,0.1135,tanh,1.00E-07,0.1,0.001,1000,2,1
625,0.1135,tanh,1.00E-06,0.1,0.001,1000,2,1
626,0.1135,tanh,1.00E-05,0.1,0.001,1000,2,1
627,0.1135,tanh,0.0001,0.1,0.001,1000,2,1
628,0.1135,tanh,1.00E-07,0.1,0.01,1000,2,1
629,0.1135,tanh,1.00E-06,0.1,0.01,1000,2,1
630,0.1135,tanh,1.00E-05,0.1,0.01,1000,2,1
631,0.1135,tanh,0.0001,0.1,0.01,1000,2,1
632,0.1526,tanh,1.00E-07,0.1,0.1,1000,2,1
633,0.1207,tanh,1.00E-06,0.1,0.1,1000,2,1
634,0.1135,tanh,1.00E-05,0.1,0.1,1000,2,1
635,0.1135,tanh,0.0001,0.1,0.1,1000,2,1
636,0.1028,tanh,1.00E-07,0.1,1,1000,2,1
637,0.101,tanh,1.00E-06,0.1,1,1000,2,1
638,0.1009,tanh,1.00E-05,0.1,1,1000,2,1
639,0.0958,tanh,0.0001,0.1,1,1000,2,1
640,0.1135,tanh,1.00E-07,0.1,0.001,100,3,1
641,0.1135,tanh,1.00E-06,0.1,0.001,100,3,1
642,0.1135,tanh,1.00E-05,0.1,0.001,100,3,1
643,0.1135,tanh,0.0001,0.1,0.001,100,3,1
644,0.1135,tanh,1.00E-07,0.1,0.01,100,3,1
645,0.1135,tanh,1.00E-06,0.1,0.01,100,3,1
646,0.1135,tanh,1.00E-05,0.1,0.01,100,3,1
647,0.1135,tanh,0.0001,0.1,0.01,100,3,1
648,0.1135,tanh,1.00E-07,0.1,0.1,100,3,1
649,0.1135,tanh,1.00E-06,0.1,0.1,100,3,1
650,0.1135,tanh,1.00E-05,0.1,0.1,100,3,1
651,0.1135,tanh,0.0001,0.1,0.1,100,3,1
652,0.0755,tanh,1.00E-07,0.1,1,100,3,1
653,0.0812,tanh,1.00E-06,0.1,1,100,3,1
654,0.0747,tanh,1.00E-05,0.1,1,100,3,1
655,0.101,tanh,0.0001,0.1,1,100,3,1
656,0.1135,tanh,1.00E-07,0.1,0.001,215,3,1
657,0.1135,tanh,1.00E-06,0.1,0.001,215,3,1
658,0.1135,tanh,1.00E-05,0.1,0.001,215,3,1
659,0.1135,tanh,0.0001,0.1,0.001,215,3,1
660,0.1135,tanh,1.00E-07,0.1,0.01,215,3,1
661,0.1135,tanh,1.00E-06,0.1,0.01,215,3,1
662,0.1135,tanh,1.00E-05,0.1,0.01,215,3,1
663,0.1135,tanh,0.0001,0.1,0.01,215,3,1
664,0.1135,tanh,1.00E-07,0.1,0.1,215,3,1
665,0.1135,tanh,1.00E-06,0.1,0.1,215,3,1
666,0.1135,tanh,1.00E-05,0.1,0.1,215,3,1
667,0.1135,tanh,0.0001,0.1,0.1,215,3,1
668,0.0982,tanh,1.00E-07,0.1,1,215,3,1
669,0.1258,tanh,1.00E-06,0.1,1,215,3,1
670,0.0916,tanh,1.00E-05,0.1,1,215,3,1
671,0.1137,tanh,0.0001,0.1,1,215,3,1
672,0.1135,tanh,1.00E-07,0.1,0.001,464,3,1
673,0.1135,tanh,1.00E-06,0.1,0.001,464,3,1
674,0.1135,tanh,1.00E-05,0.1,0.001,464,3,1
675,0.1135,tanh,0.0001,0.1,0.001,464,3,1
676,0.1135,tanh,1.00E-07,0.1,0.01,464,3,1
677,0.1135,tanh,1.00E-06,0.1,0.01,464,3,1
678,0.1135,tanh,1.00E-05,0.1,0.01,464,3,1
679,0.1135,tanh,0.0001,0.1,0.01,464,3,1
680,0.1135,tanh,1.00E-07,0.1,0.1,464,3,1
681,0.1135,tanh,1.00E-06,0.1,0.1,464,3,1
682,0.1135,tanh,1.00E-05,0.1,0.1,464,3,1
683,0.1135,tanh,0.0001,0.1,0.1,464,3,1
684,0.1033,tanh,1.00E-07,0.1,1,464,3,1
685,0.098,tanh,1.00E-06,0.1,1,464,3,1
686,0.1135,tanh,1.00E-05,0.1,1,464,3,1
687,0.1007,tanh,0.0001,0.1,1,464,3,1
688,0.1135,tanh,1.00E-07,0.1,0.001,1000,3,1
689,0.1135,tanh,1.00E-06,0.1,0.001,1000,3,1
690,0.1135,tanh,1.00E-05,0.1,0.001,1000,3,1
691,0.1135,tanh,0.0001,0.1,0.001,1000,3,1
692,0.1135,tanh,1.00E-07,0.1,0.01,1000,3,1
693,0.1135,tanh,1.00E-06,0.1,0.01,1000,3,1
694,0.1135,tanh,1.00E-05,0.1,0.01,1000,3,1
695,0.1135,tanh,0.0001,0.1,0.01,1000,3,1
696,0.1135,tanh,1.00E-07,0.1,0.1,1000,3,1
697,0.1135,tanh,1.00E-06,0.1,0.1,1000,3,1
698,0.101,tanh,1.00E-05,0.1,0.1,1000,3,1
699,0.1135,tanh,0.0001,0.1,0.1,1000,3,1
700,0.1032,tanh,1.00E-07,0.1,1,1000,3,1
701,0.101,tanh,1.00E-06,0.1,1,1000,3,1
702,0.0974,tanh,1.00E-05,0.1,1,1000,3,1
703,0.1032,tanh,0.0001,0.1,1,1000,3,1
704,0.1135,tanh,1.00E-07,0.1,0.001,100,4,1
705,0.1135,tanh,1.00E-06,0.1,0.001,100,4,1
706,0.1135,tanh,1.00E-05,0.1,0.001,100,4,1
707,0.1135,tanh,0.0001,0.1,0.001,100,4,1
708,0.1135,tanh,1.00E-07,0.1,0.01,100,4,1
709,0.1135,tanh,1.00E-06,0.1,0.01,100,4,1
710,0.1135,tanh,1.00E-05,0.1,0.01,100,4,1
711,0.1135,tanh,0.0001,0.1,0.01,100,4,1
712,0.1135,tanh,1.00E-07,0.1,0.1,100,4,1
713,0.1135,tanh,1.00E-06,0.1,0.1,100,4,1
714,0.1135,tanh,1.00E-05,0.1,0.1,100,4,1
715,0.1135,tanh,0.0001,0.1,0.1,100,4,1
716,0.0959,tanh,1.00E-07,0.1,1,100,4,1
717,0.1372,tanh,1.00E-06,0.1,1,100,4,1
718,0.1009,tanh,1.00E-05,0.1,1,100,4,1
719,0.1036,tanh,0.0001,0.1,1,100,4,1
720,0.1135,tanh,1.00E-07,0.1,0.001,215,4,1
721,0.1135,tanh,1.00E-06,0.1,0.001,215,4,1
722,0.1135,tanh,1.00E-05,0.1,0.001,215,4,1
723,0.1135,tanh,0.0001,0.1,0.001,215,4,1
724,0.1135,tanh,1.00E-07,0.1,0.01,215,4,1
725,0.1135,tanh,1.00E-06,0.1,0.01,215,4,1
726,0.1135,tanh,1.00E-05,0.1,0.01,215,4,1
727,0.1135,tanh,0.0001,0.1,0.01,215,4,1
728,0.1135,tanh,1.00E-07,0.1,0.1,215,4,1
729,0.1135,tanh,1.00E-06,0.1,0.1,215,4,1
730,0.1135,tanh,1.00E-05,0.1,0.1,215,4,1
731,0.1135,tanh,0.0001,0.1,0.1,215,4,1
732,0.098,tanh,1.00E-07,0.1,1,215,4,1
733,0.0958,tanh,1.00E-06,0.1,1,215,4,1
734,0.0974,tanh,1.00E-05,0.1,1,215,4,1
735,0.101,tanh,0.0001,0.1,1,215,4,1
736,0.1135,tanh,1.00E-07,0.1,0.001,464,4,1
737,0.1135,tanh,1.00E-06,0.1,0.001,464,4,1
738,0.1135,tanh,1.00E-05,0.1,0.001,464,4,1
739,0.1135,tanh,0.0001,0.1,0.001,464,4,1
740,0.1135,tanh,1.00E-07,0.1,0.01,464,4,1
741,0.1135,tanh,1.00E-06,0.1,0.01,464,4,1
742,0.1135,tanh,1.00E-05,0.1,0.01,464,4,1
743,0.1135,tanh,0.0001,0.1,0.01,464,4,1
744,0.1135,tanh,1.00E-07,0.1,0.1,464,4,1
745,0.1135,tanh,1.00E-06,0.1,0.1,464,4,1
746,0.1135,tanh,1.00E-05,0.1,0.1,464,4,1
747,0.1135,tanh,0.0001,0.1,0.1,464,4,1
748,0.1135,tanh,1.00E-07,0.1,1,464,4,1
749,0.0892,tanh,1.00E-06,0.1,1,464,4,1
750,0.1028,tanh,1.00E-05,0.1,1,464,4,1
751,0.1135,tanh,0.0001,0.1,1,464,4,1
752,0.1135,tanh,1.00E-07,0.1,0.001,1000,4,1
753,0.1135,tanh,1.00E-06,0.1,0.001,1000,4,1
754,0.1135,tanh,1.00E-05,0.1,0.001,1000,4,1
755,0.1135,tanh,0.0001,0.1,0.001,1000,4,1
756,0.1135,tanh,1.00E-07,0.1,0.01,1000,4,1
757,0.1135,tanh,1.00E-06,0.1,0.01,1000,4,1
758,0.1135,tanh,1.00E-05,0.1,0.01,1000,4,1
759,0.1135,tanh,0.0001,0.1,0.01,1000,4,1
760,0.1135,tanh,1.00E-07,0.1,0.1,1000,4,1
761,0.1135,tanh,1.00E-06,0.1,0.1,1000,4,1
762,0.1135,tanh,1.00E-05,0.1,0.1,1000,4,1
763,0.1135,tanh,0.0001,0.1,0.1,1000,4,1
764,0.098,tanh,1.00E-07,0.1,1,1000,4,1
765,0.1028,tanh,1.00E-06,0.1,1,1000,4,1
766,0.1135,tanh,1.00E-05,0.1,1,1000,4,1
767,0.1028,tanh,0.0001,0.1,1,1000,4,1
768,0.1135,tanh,1.00E-07,1,0.001,100,2,1
769,0.1135,tanh,1.00E-06,1,0.001,100,2,1
770,0.1135,tanh,1.00E-05,1,0.001,100,2,1
771,0.1135,tanh,0.0001,1,0.001,100,2,1
772,0.1135,tanh,1.00E-07,1,0.01,100,2,1
773,0.1135,tanh,1.00E-06,1,0.01,100,2,1
774,0.1135,tanh,1.00E-05,1,0.01,100,2,1
775,0.1135,tanh,0.0001,1,0.01,100,2,1
776,0.1063,tanh,1.00E-07,1,0.1,100,2,1
777,0.1009,tanh,1.00E-06,1,0.1,100,2,1
778,0.1214,tanh,1.00E-05,1,0.1,100,2,1
779,0.1235,tanh,0.0001,1,0.1,100,2,1
780,0.0982,tanh,1.00E-07,1,1,100,2,1
781,0.101,tanh,1.00E-06,1,1,100,2,1
782,0.1028,tanh,1.00E-05,1,1,100,2,1
783,0.108,tanh,0.0001,1,1,100,2,1
784,0.1135,tanh,1.00E-07,1,0.001,215,2,1
785,0.1135,tanh,1.00E-06,1,0.001,215,2,1
786,0.1135,tanh,1.00E-05,1,0.001,215,2,1
787,0.1135,tanh,0.0001,1,0.001,215,2,1
788,0.1135,tanh,1.00E-07,1,0.01,215,2,1
789,0.1135,tanh,1.00E-06,1,0.01,215,2,1
790,0.1135,tanh,1.00E-05,1,0.01,215,2,1
791,0.1135,tanh,0.0001,1,0.01,215,2,1
792,0.1039,tanh,1.00E-07,1,0.1,215,2,1
793,0.0975,tanh,1.00E-06,1,0.1,215,2,1
794,0.1173,tanh,1.00E-05,1,0.1,215,2,1
795,0.1381,tanh,0.0001,1,0.1,215,2,1
796,0.0974,tanh,1.00E-07,1,1,215,2,1
797,0.0974,tanh,1.00E-06,1,1,215,2,1
798,0.0974,tanh,1.00E-05,1,1,215,2,1
799,0.0892,tanh,0.0001,1,1,215,2,1
800,0.1135,tanh,1.00E-07,1,0.001,464,2,1
801,0.1135,tanh,1.00E-06,1,0.001,464,2,1
802,0.1135,tanh,1.00E-05,1,0.001,464,2,1
803,0.1135,tanh,0.0001,1,0.001,464,2,1
804,0.1135,tanh,1.00E-07,1,0.01,464,2,1
805,0.1135,tanh,1.00E-06,1,0.01,464,2,1
806,0.1135,tanh,1.00E-05,1,0.01,464,2,1
807,0.1135,tanh,0.0001,1,0.01,464,2,1
808,0.0892,tanh,1.00E-07,1,0.1,464,2,1
809,0.098,tanh,1.00E-06,1,0.1,464,2,1
810,0.1028,tanh,1.00E-05,1,0.1,464,2,1
811,0.1026,tanh,0.0001,1,0.1,464,2,1
812,0.101,tanh,1.00E-07,1,1,464,2,1
813,0.1028,tanh,1.00E-06,1,1,464,2,1
814,0.1028,tanh,1.00E-05,1,1,464,2,1
815,0.1032,tanh,0.0001,1,1,464,2,1
816,0.1135,tanh,1.00E-07,1,0.001,1000,2,1
817,0.1135,tanh,1.00E-06,1,0.001,1000,2,1
818,0.1135,tanh,1.00E-05,1,0.001,1000,2,1
819,0.1135,tanh,0.0001,1,0.001,1000,2,1
820,0.1082,tanh,1.00E-07,1,0.01,1000,2,1
821,0.1135,tanh,1.00E-06,1,0.01,1000,2,1
822,0.1134,tanh,1.00E-05,1,0.01,1000,2,1
823,0.1135,tanh,0.0001,1,0.01,1000,2,1
824,0.1032,tanh,1.00E-07,1,0.1,1000,2,1
825,0.1153,tanh,1.00E-06,1,0.1,1000,2,1
826,0.1016,tanh,1.00E-05,1,0.1,1000,2,1
827,0.0892,tanh,0.0001,1,0.1,1000,2,1
828,0.098,tanh,1.00E-07,1,1,1000,2,1
829,0.0974,tanh,1.00E-06,1,1,1000,2,1
830,0.1032,tanh,1.00E-05,1,1,1000,2,1
831,0.1032,tanh,0.0001,1,1,1000,2,1
832,0.1135,tanh,1.00E-07,1,0.001,100,3,1
833,0.1135,tanh,1.00E-06,1,0.001,100,3,1
834,0.1135,tanh,1.00E-05,1,0.001,100,3,1
835,0.1135,tanh,0.0001,1,0.001,100,3,1
836,0.1135,tanh,1.00E-07,1,0.01,100,3,1
837,0.1135,tanh,1.00E-06,1,0.01,100,3,1
838,0.1135,tanh,1.00E-05,1,0.01,100,3,1
839,0.1135,tanh,0.0001,1,0.01,100,3,1
840,0.1314,tanh,1.00E-07,1,0.1,100,3,1
841,0.058,tanh,1.00E-06,1,0.1,100,3,1
842,0.1045,tanh,1.00E-05,1,0.1,100,3,1
843,0.1135,tanh,0.0001,1,0.1,100,3,1
844,0.0892,tanh,1.00E-07,1,1,100,3,1
845,0.098,tanh,1.00E-06,1,1,100,3,1
846,0.0958,tanh,1.00E-05,1,1,100,3,1
847,0.1135,tanh,0.0001,1,1,100,3,1
848,0.1135,tanh,1.00E-07,1,0.001,215,3,1
849,0.1135,tanh,1.00E-06,1,0.001,215,3,1
850,0.1135,tanh,1.00E-05,1,0.001,215,3,1
851,0.1135,tanh,0.0001,1,0.001,215,3,1
852,0.1135,tanh,1.00E-07,1,0.01,215,3,1
853,0.1135,tanh,1.00E-06,1,0.01,215,3,1
854,0.1135,tanh,1.00E-05,1,0.01,215,3,1
855,0.1135,tanh,0.0001,1,0.01,215,3,1
856,0.1015,tanh,1.00E-07,1,0.1,215,3,1
857,0.0981,tanh,1.00E-06,1,0.1,215,3,1
858,0.0848,tanh,1.00E-05,1,0.1,215,3,1
859,0.0671,tanh,0.0001,1,0.1,215,3,1
860,0.0892,tanh,1.00E-07,1,1,215,3,1
861,0.0974,tanh,1.00E-06,1,1,215,3,1
862,0.1028,tanh,1.00E-05,1,1,215,3,1
863,0.1031,tanh,0.0001,1,1,215,3,1
864,0.1135,tanh,1.00E-07,1,0.001,464,3,1
865,0.1135,tanh,1.00E-06,1,0.001,464,3,1
866,0.1135,tanh,1.00E-05,1,0.001,464,3,1
867,0.1135,tanh,0.0001,1,0.001,464,3,1
868,0.1135,tanh,1.00E-07,1,0.01,464,3,1
869,0.1135,tanh,1.00E-06,1,0.01,464,3,1
870,0.1135,tanh,1.00E-05,1,0.01,464,3,1
871,0.1135,tanh,0.0001,1,0.01,464,3,1
872,0.1032,tanh,1.00E-07,1,0.1,464,3,1
873,0.1009,tanh,1.00E-06,1,0.1,464,3,1
874,0.098,tanh,1.00E-05,1,0.1,464,3,1
875,0.0497,tanh,0.0001,1,0.1,464,3,1
876,0.1028,tanh,1.00E-07,1,1,464,3,1
877,0.1009,tanh,1.00E-06,1,1,464,3,1
878,0.1028,tanh,1.00E-05,1,1,464,3,1
879,0.0892,tanh,0.0001,1,1,464,3,1
880,0.1135,tanh,1.00E-07,1,0.001,1000,3,1
881,0.1135,tanh,1.00E-06,1,0.001,1000,3,1
882,0.1135,tanh,1.00E-05,1,0.001,1000,3,1
883,0.1135,tanh,0.0001,1,0.001,1000,3,1
884,0.1135,tanh,1.00E-07,1,0.01,1000,3,1
885,0.1135,tanh,1.00E-06,1,0.01,1000,3,1
886,0.1135,tanh,1.00E-05,1,0.01,1000,3,1
887,0.0054,tanh,0.0001,1,0.01,1000,3,1
888,0.1272,tanh,1.00E-07,1,0.1,1000,3,1
889,0.1023,tanh,1.00E-06,1,0.1,1000,3,1
890,0.1135,tanh,1.00E-05,1,0.1,1000,3,1
891,0.1228,tanh,0.0001,1,0.1,1000,3,1
892,0.1009,tanh,1.00E-07,1,1,1000,3,1
893,0.0974,tanh,1.00E-06,1,1,1000,3,1
894,0.0892,tanh,1.00E-05,1,1,1000,3,1
895,0.1009,tanh,0.0001,1,1,1000,3,1
896,0.1135,tanh,1.00E-07,1,0.001,100,4,1
897,0.1135,tanh,1.00E-06,1,0.001,100,4,1
898,0.1135,tanh,1.00E-05,1,0.001,100,4,1
899,0.1135,tanh,0.0001,1,0.001,100,4,1
900,0.1135,tanh,1.00E-07,1,0.01,100,4,1
901,0.1135,tanh,1.00E-06,1,0.01,100,4,1
902,0.1135,tanh,1.00E-05,1,0.01,100,4,1
903,0.1135,tanh,0.0001,1,0.01,100,4,1
904,0.1055,tanh,1.00E-07,1,0.1,100,4,1
905,0.0937,tanh,1.00E-06,1,0.1,100,4,1
906,0.1135,tanh,1.00E-05,1,0.1,100,4,1
907,0.1135,tanh,0.0001,1,0.1,100,4,1
908,0.1032,tanh,1.00E-07,1,1,100,4,1
909,0.098,tanh,1.00E-06,1,1,100,4,1
910,0.0974,tanh,1.00E-05,1,1,100,4,1
911,0.071,tanh,0.0001,1,1,100,4,1
912,0.1135,tanh,1.00E-07,1,0.001,215,4,1
913,0.1135,tanh,1.00E-06,1,0.001,215,4,1
914,0.1135,tanh,1.00E-05,1,0.001,215,4,1
915,0.1135,tanh,0.0001,1,0.001,215,4,1
916,0.1135,tanh,1.00E-07,1,0.01,215,4,1
917,0.1135,tanh,1.00E-06,1,0.01,215,4,1
918,0.1135,tanh,1.00E-05,1,0.01,215,4,1
919,0.1135,tanh,0.0001,1,0.01,215,4,1
920,0.1047,tanh,1.00E-07,1,0.1,215,4,1
921,0.1082,tanh,1.00E-06,1,0.1,215,4,1
922,0.1033,tanh,1.00E-05,1,0.1,215,4,1
923,0.0962,tanh,0.0001,1,0.1,215,4,1
924,0.098,tanh,1.00E-07,1,1,215,4,1
925,0.098,tanh,1.00E-06,1,1,215,4,1
926,0.1009,tanh,1.00E-05,1,1,215,4,1
927,0.0958,tanh,0.0001,1,1,215,4,1
928,0.1135,tanh,1.00E-07,1,0.001,464,4,1
929,0.1135,tanh,1.00E-06,1,0.001,464,4,1
930,0.1135,tanh,1.00E-05,1,0.001,464,4,1
931,0.1135,tanh,0.0001,1,0.001,464,4,1
932,0.1135,tanh,1.00E-07,1,0.01,464,4,1
933,0.1135,tanh,1.00E-06,1,0.01,464,4,1
934,0.1135,tanh,1.00E-05,1,0.01,464,4,1
935,0.1135,tanh,0.0001,1,0.01,464,4,1
936,0.0982,tanh,1.00E-07,1,0.1,464,4,1
937,0.098,tanh,1.00E-06,1,0.1,464,4,1
938,0.0646,tanh,1.00E-05,1,0.1,464,4,1
939,0.0034,tanh,0.0001,1,0.1,464,4,1
940,0.1135,tanh,1.00E-07,1,1,464,4,1
941,0.0982,tanh,1.00E-06,1,1,464,4,1
942,0.1009,tanh,1.00E-05,1,1,464,4,1
943,0.098,tanh,0.0001,1,1,464,4,1
944,0.1135,tanh,1.00E-07,1,0.001,1000,4,1
945,0.1135,tanh,1.00E-06,1,0.001,1000,4,1
946,0.1135,tanh,1.00E-05,1,0.001,1000,4,1
947,0.1135,tanh,0.0001,1,0.001,1000,4,1
948,0.1135,tanh,1.00E-07,1,0.01,1000,4,1
949,0.1135,tanh,1.00E-06,1,0.01,1000,4,1
950,0.1135,tanh,1.00E-05,1,0.01,1000,4,1
951,0.0427,tanh,0.0001,1,0.01,1000,4,1
952,0.1009,tanh,1.00E-07,1,0.1,1000,4,1
953,0.1032,tanh,1.00E-06,1,0.1,1000,4,1
954,0.1009,tanh,1.00E-05,1,0.1,1000,4,1
955,0.0982,tanh,0.0001,1,0.1,1000,4,1
956,0.098,tanh,1.00E-07,1,1,1000,4,1
957,0.0892,tanh,1.00E-06,1,1,1000,4,1
958,0.0974,tanh,1.00E-05,1,1,1000,4,1
959,0.098,tanh,0.0001,1,1,1000,4,1
